Nama Toko,Nama Produk,Harga
aliciastash,chanel loose powder poudre universelle libre clair 20,"Rp 750,000"
songtriplets.0892,Maybelline FIT ME Matte + Poreless,"Rp 125,000"
beepme2,Urban Decay All Nighter Waterproof Full-coverage Concealer,"Rp 75,000"
beepme2,Blush On - no brand,"Rp 10,000"
af.store,lip concealer inez,"Rp 25,000"
ailinhb,Powder Puff Lippie 08,"Rp 40,000"
putridarma20,Bronzing Powder,"Rp 25,000"
enpeweroom,Blush on,"Rp 20,000"
sweetestsweet2,Lancome lipstick lip cream,"Rp 95,000"
murmercuy,MIZZU Lit From Within Powder Foundation (20 W),"Rp 15,000"
feiliciaoctosiva,O TWO O Liquid Blush,"Rp 25,000Rp 35,000"
murmercuy,MIZZU Glam Rock Aqua Foundation (01 Stunning),"Rp 25,000"
prelovedbypov,#mauthr Eyeliner  gel wardah,"Rp 15,000"
delladt,elsheskin soothing toner,"Rp 60,000"
stvjthriftshop,"Wardah Eyexpert Staylast Liquid Eyeliner 3,5 g","Rp 15,000"
aliciastash,kiko milano beauty sponge precision makeup blender,"Rp 40,000"
murmercuy,MIZZU Perfect Wear Eyeliner Pen (Black),"Rp 10,000"
murmercuy,MIZZU Blush Me Up (805 Luminous Glow),"Rp 15,000"
prelovedbless08,Wardah liquid eyeliner,"Rp 15,000"
prelovedby.juli,Wardah Eyeliner‚Å∂,"Rp 20,000"
murmercuy,Y.O.U The Simplicity Eyeshadow Quad (02 Smart),"Rp 15,000"
murmercuy,SILKYGIRL No Sebum Mineral Powder,"Rp 10,000"
